"filename", "language", "Python", "XML", "Docker", "C++", "YAML", "Markdown", "ROS Interface", "comment", "blank", "total"
"/media/zox/36c0d412-c5a3-4d73-8ece-b4e01cfb90e6/home/shui/LY/lite_cog/nav/src/hdl_localization/.travis.yml", "YAML", 0, 0, 0, 0, 22, 0, 0, 0, 1, 23
"/media/zox/36c0d412-c5a3-4d73-8ece-b4e01cfb90e6/home/shui/LY/lite_cog/nav/src/hdl_localization/README.md", "Markdown", 0, 0, 0, 0, 0, 75, 0, 0, 31, 106
"/media/zox/36c0d412-c5a3-4d73-8ece-b4e01cfb90e6/home/shui/LY/lite_cog/nav/src/hdl_localization/apps/globalmap_server_nodelet.cpp", "C++", 0, 0, 0, 83, 0, 0, 0, 5, 28, 116
"/media/zox/36c0d412-c5a3-4d73-8ece-b4e01cfb90e6/home/shui/LY/lite_cog/nav/src/hdl_localization/apps/hdl_localization_nodelet.cpp", "C++", 0, 0, 0, 413, 0, 0, 0, 48, 95, 556
"/media/zox/36c0d412-c5a3-4d73-8ece-b4e01cfb90e6/home/shui/LY/lite_cog/nav/src/hdl_localization/docker/melodic/Dockerfile", "Docker", 0, 0, 22, 0, 0, 0, 0, 0, 8, 30
"/media/zox/36c0d412-c5a3-4d73-8ece-b4e01cfb90e6/home/shui/LY/lite_cog/nav/src/hdl_localization/docker/melodic_llvm/Dockerfile", "Docker", 0, 0, 23, 0, 0, 0, 0, 0, 9, 32
"/media/zox/36c0d412-c5a3-4d73-8ece-b4e01cfb90e6/home/shui/LY/lite_cog/nav/src/hdl_localization/docker/noetic/Dockerfile", "Docker", 0, 0, 22, 0, 0, 0, 0, 0, 8, 30
"/media/zox/36c0d412-c5a3-4d73-8ece-b4e01cfb90e6/home/shui/LY/lite_cog/nav/src/hdl_localization/docker/noetic_llvm/Dockerfile", "Docker", 0, 0, 23, 0, 0, 0, 0, 0, 9, 32
"/media/zox/36c0d412-c5a3-4d73-8ece-b4e01cfb90e6/home/shui/LY/lite_cog/nav/src/hdl_localization/include/hdl_localization/delta_estimater.hpp", "C++", 0, 0, 0, 44, 0, 0, 0, 0, 15, 59
"/media/zox/36c0d412-c5a3-4d73-8ece-b4e01cfb90e6/home/shui/LY/lite_cog/nav/src/hdl_localization/include/hdl_localization/odom_system.hpp", "C++", 0, 0, 0, 33, 0, 0, 0, 8, 12, 53
"/media/zox/36c0d412-c5a3-4d73-8ece-b4e01cfb90e6/home/shui/LY/lite_cog/nav/src/hdl_localization/include/hdl_localization/pose_estimator.hpp", "C++", 0, 0, 0, 52, 0, 0, 0, 29, 22, 103
"/media/zox/36c0d412-c5a3-4d73-8ece-b4e01cfb90e6/home/shui/LY/lite_cog/nav/src/hdl_localization/include/hdl_localization/pose_system.hpp", "C++", 0, 0, 0, 65, 0, 0, 0, 14, 26, 105
"/media/zox/36c0d412-c5a3-4d73-8ece-b4e01cfb90e6/home/shui/LY/lite_cog/nav/src/hdl_localization/include/kkl/alg/unscented_kalman_filter.hpp", "C++", 0, 0, 0, 187, 0, 0, 0, 54, 47, 288
"/media/zox/36c0d412-c5a3-4d73-8ece-b4e01cfb90e6/home/shui/LY/lite_cog/nav/src/hdl_localization/launch/hdl_localization.launch", "XML", 0, 47, 0, 0, 0, 0, 0, 16, 8, 71
"/media/zox/36c0d412-c5a3-4d73-8ece-b4e01cfb90e6/home/shui/LY/lite_cog/nav/src/hdl_localization/launch/local_rslidar_imu.launch", "XML", 0, 50, 0, 0, 0, 0, 0, 16, 8, 74
"/media/zox/36c0d412-c5a3-4d73-8ece-b4e01cfb90e6/home/shui/LY/lite_cog/nav/src/hdl_localization/msg/ScanMatchingStatus.msg", "ROS Interface", 0, 0, 0, 0, 0, 0, 7, 0, 2, 9
"/media/zox/36c0d412-c5a3-4d73-8ece-b4e01cfb90e6/home/shui/LY/lite_cog/nav/src/hdl_localization/nodelet_plugins.xml", "XML", 0, 6, 0, 0, 0, 0, 0, 0, 2, 8
"/media/zox/36c0d412-c5a3-4d73-8ece-b4e01cfb90e6/home/shui/LY/lite_cog/nav/src/hdl_localization/package.xml", "XML", 0, 42, 0, 0, 0, 0, 0, 0, 6, 48
"/media/zox/36c0d412-c5a3-4d73-8ece-b4e01cfb90e6/home/shui/LY/lite_cog/nav/src/hdl_localization/rviz/hdl_localization.rviz", "YAML", 0, 0, 0, 0, 361, 0, 0, 0, 1, 362
"/media/zox/36c0d412-c5a3-4d73-8ece-b4e01cfb90e6/home/shui/LY/lite_cog/nav/src/hdl_localization/scripts/plot_status.py", "Python", 51, 0, 0, 0, 0, 0, 0, 2, 19, 72
"/media/zox/36c0d412-c5a3-4d73-8ece-b4e01cfb90e6/home/shui/LY/lite_cog/nav/src/hdl_localization/src/hdl_localization/pose_estimator.cpp", "C++", 0, 0, 0, 185, 0, 0, 0, 29, 58, 272
"Total", "-", 51, 145, 90, 1062, 383, 75, 7, 221, 415, 2449